docno,snippet,title,main_content,obj_prob
6e421f1539b1457b853712d81be87743,"WEBBTS (also Bangtan Boys; Korean: 방탄소년단 Bangtan Sonyeondan) is a South Korean boy group of the third K-pop generation, consisting of seven members, which was founded in 2010 by Big Hit Entertainment and debuted in 2013.",BTS (band) - Wikipedia,"BTS (also Bangtan Boys; Korean: 방탄소년단 Bangtan Sonyeondan) is a South Korean boy group of the third K-pop generation, consisting of seven members, which was founded in 2010 by Big Hit Entertainment and debuted in 2013.[1][2] The name of the band Bangtan Sonyeondan is a combination of 방탄 (""bulletproof"") and 소년단 (""scouts"").[3] In July 2017, the acronym ""BTS"" was also given the meaning Beyond the Scene.[4] Their fans are organized in a fan club called ""A.R.M.Y"" (아미), which stands for ""Adorable Representative M.C for Youth"".[5]

BTS

BTS (2022)
General information
Origin Seoul, South Korea
Genre(s) K-Pop, Hip-Hop, R&B
Founded in 2010
Website bts.ibighit.com
Current line-up
Jin
Jimin
V
Suga
RM
J-Hope
Jung Kook

The seven members Jin, Suga, J-Hope, RM, Jimin, V and Jung Kook are involved in writing and producing their songs and albums. While BTS started out as a hip-hop group, their style has developed into a variety of different musical genres. Their lyrics are often social or personal commentaries and deal with the psyche, school problems, growing up, self-love and individualism.

After their debut on June 13, 2013 with 2 Cool 4 Skool, they released their first studio album Dark & Wild. With their second studio album Wings in 2016, they sold over one million units in South Korea for the first time. By 2017, BTS achieved international fame through the K-pop subculture and became the pioneers of the Korean Wave in North America, breaking several sales records there. They were the first Korean group to receive Recording Industry Association of America (RIAA) awards and reached number one on the US album charts with Love Yourself: Tear (2018). BTS is one of the few groups since The Beatles to have four number one albums in less than two years. In the US singles charts, BTS reached number one five times in ten months with Dynamite, Savage Love, Life Goes On, Butter and Permission to Dance, breaking a record set by Michael Jackson in 1988.

With over 20 million albums sold in South Korea, BTS is the most successful group in South Korean music history and has the best-selling album with Map of the Soul: 7. The groups' most prestigious awards include six American Music Awards, nine Billboard Music Awards, 24 Golden Disk Awards and nominations for the Grammy and Brit Award. The members of BTS are also the youngest people to be awarded the South Korean President's Order of Cultural Merit for their contribution to the spread of Korean culture and language.

The history

Members

Awards and honors

BTS Universe

Tours

Discography

Filmography

Individual references",0.9020428657531738
1539268e3f1d41c9abcaa277b23f51d9,"WEBMusic video by BTS performing Dynamite. (C) 2020 Columbia Records, a division of Sony Music Entertainment",Before you go on to YouTube,"YouTube
A Google company

Before you go on to YouTube

We use cookies and data to

  - Provide and operate Google services
  - Check for outages and take action against spam, fraud and abuse
  - measure audience interactions and obtain website statistics so that we can understand how our services are used and improve the quality of those services

If you select ""Accept all"", we will also use cookies and data to

  - Develop and improve new services
  - deliver advertising and measure its effectiveness
  - display personalized content depending on your settings
  - display personalized advertising, depending on your settings

If you select ""Reject all"", we will not use cookies for these additional purposes.

Non-personalized content and advertising is influenced by, among other things, the content you are viewing and your location (which advertising you see is based on your approximate location). Personalized content and advertising may also include video recommendations, a customized YouTube home page, and customized advertising based on past activity such as videos viewed on YouTube and searches on YouTube. Where relevant, we also use cookies and data to make content and advertising age-appropriate.

Select ""More options"" to view additional information, including details on how to manage your privacy settings. You can also visit g.co/privacytools at any time.",0.8939337134361267
93689ea1c0ec4272b41d7b259cb47890,"Biography BTS is a Grammy-nominated South Korean group that has been capturing the hearts of millions of fans globally since its debut in June 2013. The members of BTS are RM, Jin, SUGA, j-hope ...",Before you go on to YouTube,"YouTube
A Google company

Before you go on to YouTube

We use cookies and data to

  - Provide and operate Google services
  - Check for outages and take action against spam, fraud and abuse
  - measure audience interactions and obtain website statistics so that we can understand how our services are used and improve the quality of those services

If you select ""Accept all"", we will also use cookies and data to

  - Develop and improve new services
  - deliver advertising and measure its effectiveness
  - display personalized content depending on your settings
  - display personalized advertising, depending on your settings

If you select ""Reject all"", we will not use cookies for these additional purposes.

Non-personalized content and advertising is influenced by, among other things, the content you are viewing and your location (which advertising you see is based on your approximate location). Personalized content and advertising may also include video recommendations, a customized YouTube home page, and customized advertising based on past activity such as videos viewed on YouTube and searches on YouTube. Where relevant, we also use cookies and data to make content and advertising age-appropriate.

Select ""More options"" to view additional information, including details on how to manage your privacy settings. You can also visit g.co/privacytools at any time.",0.8939337134361267
2e4321c5105840c8b6612f87dc4aba13,"WEBBTS (Korean: 방탄소년단; RR: Bangtan Sonyeondan; lit. Bulletproof Boy Scouts), also known as the Bangtan Boys, is a South Korean boy band formed in 2010. The band consists of Jin, Suga, J-Hope, RM, Jimin, V, and Jungkook, who co-write or co-produce much of their material.",BTS - Wikipedia,"BTS (Korean방탄소년단; RRBangtan Sonyeondan; lit. Bulletproof Boy Scouts), also known as the Bangtan Boys, is a South Korean boy band formed in 2010. The band consists of Jin, Suga, J-Hope, RM, Jimin, V, and Jungkook, who co-write or co-produce much of their material. Originally a hip hop group, they expanded their musical style to incorporate a wide range of genres, while their lyrics have focused on subjects including mental health, the troubles of school-age youth and coming of age, loss, the journey towards self-love, individualism, and the consequences of fame and recognition. Their discography and adjacent work has also referenced literature, philosophy and psychology, and includes an alternate universe storyline.

BTS
BTS at the White House in 2022 (left to right): V, Jungkook, Jimin, RM, Jin, J-Hope, and Suga
BTS at the White House in 2022 (left to right): V, Jungkook, Jimin, RM, Jin, J-Hope, and Suga
Background information
Also known as
  - Bangtan Boys
  - Bangtan Sonyeondan
  - Beyond the Scene
  - Bulletproof Boy Scouts
OriginSeoul, South Korea
Genres
Discography
Years active2013-present
Labels
members
Websitebts.ibighit.com
Korean name
Hangul방탄소년
Hanja防彈少年
Transcriptions
Revised RomanizationBangtan Sonyeondan
McCune-ReischauerPangt'an Sonyǒndan
Japanese name
Kanji防弾少年団
Hiraganaぼうだんしょうねんだん
Transcriptions
Revised HepburnBōdan Shōnendan
Kunrei-shikiBôdan Syônendan

BTS debuted in 2013 under Big Hit Entertainment with the single album 2 Cool 4 Skool. BTS released their first Korean and Japanese-language studio albums, Dark & Wild and Wake Up respectively, in 2014. The group's second Korean studio album, Wings (2016), was their first to sell one million copies in South Korea. By 2017, BTS had crossed into the global music market and led the Korean Wave into the United States, becoming the first Korean ensemble to receive a Gold certification from the Recording Industry Association of America (RIAA) for their single ""Mic Drop"", as well as the first act from South Korea to top the Billboard 200 with their studio album Love Yourself: Tear (2018). In 2020, BTS became the fastest group since the Beatles to chart four US number-one albums in less than two years, with Love Yourself: Answer (2018) becoming the first Korean album certified Platinum by the RIAA; in the same year, they also became the first all-South Korean act to reach number one on both the Billboard Hot 100 and Billboard Global 200 with their Grammy-nominated single ""Dynamite"". Follow-up releases ""Savage Love"", ""Life Goes On"", ""Butter"", and ""Permission to Dance"" made them the fastest act to earn four US number-one singles since Justin Timberlake in 2006.

As of 2023, BTS is the best-selling musical act in South Korean history according to the Circle Chart, having sold in excess of 40 million albums.[2] Their studio album Map of the Soul: 7 (2020) is the fourth best-selling album of all time in South Korea, as well as the first in the country to surpass both four and five million registered sales. They are the first non-English-speaking and Asian act to sell out concerts at Wembley Stadium and the Rose Bowl (Love Yourself World Tour, 2019), and were named the International Federation of the Phonographic Industry's (IFPI) Global Recording Artist of the Year for both 2020 and 2021. The group's accolades include multiple American Music Awards, Billboard Music Awards, Golden Disc Awards, and nominations for five Grammy Awards. Outside of music, they have addressed three sessions of the United Nations General Assembly and partnered with UNICEF in 2017 to establish the Love Myself anti-violence campaign. Featured on Time's international cover as ""Next Generation Leaders"" and dubbed the ""Princes of Pop"", BTS has also appeared on Time's lists of the 25 most influential people on the internet (2017-2019) and the 100 most influential people in the world (2019), and in 2018 became the youngest recipients of the South Korean Order of Cultural Merit for their contributions in spreading the Korean culture and language.

On June 14, 2022, the group announced a scheduled pause in group activities to enable the members to complete their 18 months of mandatory South Korean military service, with a reunion planned for 2025.[3] Jin, the eldest member, enlisted on December 13, 2022; the others followed in 2023.

Name

History

Artistry

Impact

Other ventures

Accolades

Members

Discography

Filmography

Bibliography

Concert tours

Notes

References

Bibliography

Further reading",0.9032458662986755
3d21474fff4e406c9db2984d5edf647b,"WEBTo avoid this, cancel and sign in to YouTube on your computer. BTS (방탄소년단) 'Yet To Come (The Most Beautiful Moment)' Official Teaser. Share your favorite BTS moment using #MyBTStory💜 ...",BTS (방탄소년단) 'Yet To Come (The Most Beautiful Moment)' Official MV - YouTube,"So, Who is missing BTS badly. Let's stay strong ARMY The best yet to come waiting for 2025 :)
2096
Reply
i swear BTS's come back will be Legendary. Who is waiting for it?
884
Answers
BTS has 7 people and that will never change, their feelings will always be sincere, love you guys BTS IS 7
14
Answers
I'm crying I can't stop cryingThis masterpiece is not just a song, it has a message and this message touched my heart, if only they knew how much I love them 🥹
1
Answers
Who came by clicking on the MNCR page? Can't wait to see what they have in store for us?
1668
Answers
BTS is not just a music band they're a whole emotion >>>>>>>
1620
Answers
""Pasamos mas tiempo juntos que con nuestras familias y ahí fue cuando necesitábamos apoyarnos más unos a otros ""...Jung Hoseok
2
Answers",0.2061782330274582
