,BM25,TF-IDF,Dirichlet LM,MonoT5,RankVicuna,RankZephyr,BM25+KORSCE,BM25+REdORank
cRBP@10_q1,0.03471035957336425,0.03471035957336425,0.03471035957336425,0.03471035957336425,0.03471035957336425,0.03471035957336425,0.0177717041015625,0.011373890625
cRBP@10_q2,0.03640778671875,0.03640778671875,0.029126229375,0.029126229375,0.045509733398437495,0.03640778671875,0.0,0.0
cRBP@10_q3,0.0,0.0,0.0,0.010071862516581733,0.010071862516581733,0.010071862516581733,0.0,0.0
cRBP@10_q4,0.034478356933593746,0.034478356933593746,0.0,0.04309794616699219,0.027582685546875003,0.053872432708740224,0.0,0.0
cRBP@10_q5,0.017003848129280894,0.017003848129280894,0.02656851270200139,0.006964776193753454,0.013603078503424711,0.0,0.0,0.0
cRBP@10_q6,0.0,0.0,0.0,0.0,0.0,0.0,0.0,0.005594965600000001
cRBP@10_q7,0.0,0.0,0.0,0.0,0.0,0.0,0.0,0.0
cRBP@10_q8,0.04084303857336425,0.04084303857336425,0.04084303857336425,0.049682720413208,0.03471035957336425,0.03471035957336425,0.0177717041015625,0.011373890625
cRBP@10_q9,0.07339767988928857,0.07339767988928857,0.07339767988928857,0.07339767988928857,0.07339767988928857,0.07339767988928857,0.04697451512914468,0.0
cRBP@10_q10,0.021254810161601113,0.021254810161601113,0.02656851270200139,0.021254810161601113,0.010882462802739771,0.008705970242191816,0.0,0.008705970242191816
cRBP@10_q11,0.0,0.0,0.028605083465576168,0.0,0.0,0.0,0.0,0.0
cRBP@10_q12,0.014118661787017702,0.014118661787017702,0.020364544738345747,0.01167918766748371,0.008476712716350122,0.010426646906033024,0.010579070039512273,0.006770604825287854
cRBP@10_q13,0.00965148155434113,0.00965148155434113,0.007721185243472905,0.0061769481947783235,0.004941558555822658,0.0061769481947783235,0.0,0.007721185243472905
cRBP@10_q14,0.009785474698833474,0.009785474698833474,0.009785474698833474,0.006262703807253425,0.00782837975906678,0.005010163045802741,0.0,0.0
cRBP@10_q15,0.006964776193753454,0.006964776193753454,0.017003848129280894,0.02656851270200139,0.005571820955002763,0.0,0.0,0.003565965411201769
cRBP@10_q16,0.0,0.0,0.0,0.0,0.0,0.0,0.0,0.0025715836800000004
cRBP@10_q17,0.03471035957336425,0.03471035957336425,0.03471035957336425,0.03471035957336425,0.03471035957336425,0.03471035957336425,0.0177717041015625,0.011373890625
cRBP@10_q18,0.07339767988928857,0.07339767988928857,0.07339767988928857,0.07339767988928857,0.07339767988928857,0.07339767988928857,0.04697451512914468,0.0
cRBP@10_q19,0.0,0.0,0.0,0.0,0.0,0.0,0.0,0.0
cRBP@10_q20,0.0,0.0,0.0,0.0,0.0,0.0,0.0,0.0
cRBP@10_q21,0.006438952026367188,0.006438952026367188,0.00515116162109375,0.0,0.0,0.0,0.008048690032958985,0.012576078176498412
cRBP@10_q22,0.03471035957336425,0.03471035957336425,0.03471035957336425,0.03471035957336425,0.03471035957336425,0.03471035957336425,0.0177717041015625,0.014217363281250001
cRBP@10_q23,0.003937344733470298,0.003937344733470298,0.003149875786776239,0.003149875786776239,0.003149875786776239,0.003149875786776239,0.0,0.003937344733470298
cRBP@10_q24,0.0,0.0,0.0,0.0,0.0,0.0,0.0,0.0
cRBP@10_q25,7.752886208579398e-05,7.752886208579398e-05,0.0,0.0,0.0,0.0,0.0,0.0
cRBP@10_q26,0.0,0.0,0.0,0.007401935000000001,0.0,0.009252418750000001,0.02258891296386719,0.0
cRBP@10_q27,0.0,0.0,0.028605083465576168,0.0,0.0,0.0,0.0,0.0
cRBP@10_q28,0.0,0.0,0.022884066772460937,0.0,0.0,0.0,0.0,0.0
cRBP@10_q29,0.0,0.0,0.0,0.0,0.0,0.0,0.0,0.0
cRBP@10_q30,0.0,0.0,0.0,0.003951686987732663,0.0,0.004939608734665829,0.0,0.0
cRBP@10_q31,0.0,0.0,0.0,0.0,0.0,0.0,0.0,0.009449639892578125
cRBP@10_q32,0.03471035957336425,0.03471035957336425,0.03471035957336425,0.03471035957336425,0.03471035957336425,0.03471035957336425,0.027768287658691403,0.0177717041015625
cRBP@10_q33,0.009785474698833474,0.009785474698833474,0.009785474698833474,0.00782837975906678,0.005010163045802741,0.005010163045802741,0.0,0.0
cRBP@10_q34,0.025507025718688958,0.025507025718688958,0.025507025718688958,0.020405620574951166,0.020405620574951166,0.020405620574951166,0.020405620574951166,0.025507025718688958
cRBP@10_q35,0.034078657627105706,0.034078657627105706,0.027262926101684563,0.034078657627105706,0.034078657627105706,0.027262926101684563,0.0,0.0
cRBP@10_q36,0.0,0.0,0.0,0.0,0.0,0.0,0.0,0.0
cRBP@10_q37,0.009200569761294521,0.009200569761294521,0.005888364647228495,0.004710691717782796,0.01150071220161815,0.014375890252022688,0.0,0.0
cRBP@10_q38,0.0024477854000000006,0.0024477854000000006,0.0024477854000000006,0.014589937925338742,0.007470048217773436,0.009337560272216796,0.0,0.007470048217773436
cRBP@10_q39,0.0,0.0,0.0,0.012293297146708678,0.005035334511291875,0.009834637717366944,0.002062473015825153,0.012293297146708678
cRBP@10_q40,0.0,0.0,0.0,0.0,0.0,0.0,0.0,0.0
cRBP@10_q41,0.0,0.0,0.0,0.0,0.0,0.0,0.0,0.0
cRBP@10_q42,0.0,0.0,0.0,0.0,0.0,0.0,0.0,0.0
cRBP@10_q43,0.0,0.0,0.0,0.0,0.0,0.0,0.0,0.0
cRBP@10_q44,0.00856773844465471,0.00856773844465471,0.00856773844465471,0.020917330187145287,0.01070967305581839,0.020917330187145287,0.020917330187145287,0.0
cRBP@10_q45,0.006709146784068151,0.006709146784068151,0.006709146784068151,0.0053673174272545225,0.004293853941803618,0.006709146784068151,0.020474691113489225,0.016379752890791386
cRBP@10_q46,0.0,0.0,0.0,0.0,0.0,0.0,0.0,0.0
cRBP@10_q47,0.0,0.0,0.0,0.0,0.0,0.0,0.0,0.0
cRBP@10_q48,0.0,0.0,0.0,0.0,0.0,0.0,0.0,0.0
cRBP@10_q49,0.0,0.0,0.0,0.0,0.0,0.0,0.0,0.0
cRBP@10_q50,0.003158345355734259,0.003158345355734259,0.003158345355734259,0.003158345355734259,0.003158345355734259,0.003158345355734259,0.003947931694667822,0.007710804091148091
cRBP@10_q51,0.0,0.0,0.0,0.0,0.0,0.0,0.0,0.0
cRBP@10_q52,0.014402618408203127,0.014402618408203127,0.02250409126281738,0.0115220947265625,0.0115220947265625,0.0115220947265625,0.02813011407852172,0.00921767578125
cRBP@10_q53,0.0,0.0,0.0,0.0,0.0,0.0,0.0,0.0
cRBP@10_q54,0.0,0.0,0.002158444533869824,0.0,0.0,0.0042157119802144994,0.0,0.010292265576695553
cRBP@10_q55,0.0,0.0,0.0,0.0,0.0,0.0,0.0,0.0
cRBP@10_q56,0.0,0.0,0.0,0.0,0.0,0.0,0.0,0.0
cRBP@10_q57,0.0036372831482821624,0.0036372831482821624,0.0036372831482821624,0.00290982651862573,0.00290982651862573,0.00290982651862573,0.00290982651862573,0.007104068648988597
cRBP@10_q58,0.0,0.0,0.0,0.0,0.0,0.0,0.018042061767578128,0.0
cRBP@10_q59,0.0,0.0,0.0,0.0,0.0,0.0,0.007329000488281249,0.011451563262939453
cRBP@10_q60,0.0,0.0,0.0,0.0,0.0,0.0,0.0,0.0
cRBP@10_q61,0.0,0.0,0.0,0.0,0.0,0.0,0.0,0.0
cRBP@10_q62,0.03068965665104066,0.03068965665104066,0.03068965665104066,0.015713104205332822,0.02455172532083253,0.012570483364266258,0.019641380256666025,0.0041190959888027685
cRBP@10_q63,0.0,0.0,0.0,0.0,0.0,0.0,0.0,0.0
cRBP@10_q64,0.0,0.0,0.0,0.0,0.0,0.0,0.0,0.0
cRBP@10_q65,0.0,0.0,0.0,0.0,0.0,0.0,0.0,0.0
cRBP@10_q66,0.0,0.0,0.0,0.0,0.0,0.0,0.0,0.0
cRBP@10_q67,0.0,0.0,0.0,0.0,0.0,0.0,0.0,0.0
cRBP@10_q68,0.0,0.0,0.0,0.0,0.0,0.0,0.0,0.0
cRBP@10_q69,0.027509818809475294,0.027509818809475294,0.027509818809475294,0.03438727351184412,0.017606284038064194,0.017606284038064194,0.017606284038064194,0.005769227153592876
cRBP@10_q70,0.0,0.0,0.0,0.0,0.0,0.0,0.0,0.0
cRBP@10_q71,0.0,0.0,0.0,0.0,0.0,0.0,0.0,0.0
cRBP@10_q72,0.0,0.0,0.0,0.0,0.0,0.0,0.0,0.0
cRBP@10_q73,0.0,0.0,0.0,0.0,0.0,0.0,0.0,0.0
cRBP@10_q74,0.0,0.0,0.0,0.0,0.0,0.0,0.0,0.0
cRBP@10_q75,0.0,0.0,0.0,0.0,0.0,0.0,0.0,0.0
cRBP@10_q76,0.0,0.0,0.0,0.0,0.0,0.0,0.0,0.0
cRBP@10_q77,0.0,0.0,0.0,0.0,0.0,0.0,0.0,0.0
cRBP@10_q78,0.0,0.0,0.0,0.0,0.0,0.0,0.0,0.0
cRBP@10_q79,0.0,0.0,0.0,0.0,0.0,0.0,0.0,0.0
cRBP@10_q80,0.0,0.0,0.0,0.0,0.0,0.0,0.0,0.0
cRBP@10_q81,0.0,0.0,0.0,0.0,0.0,0.0,0.0,0.0
cRBP@10_q82,0.0,0.0,0.0,0.0,0.0,0.0,0.0,0.0
